{
    "battery_power":{
        "0":1123.0893854749,
        "1":1242.9915730337,
        "2":1219.9797101449,
        "3":1368.1524926686
    },
    "blue":{
        "0":0.4748603352,
        "1":0.4719101124,
        "2":0.5014492754,
        "3":0.5278592375
    },
    "clock_speed":{
        "0":1.5134078212,
        "1":1.508988764,
        "2":1.5220289855,
        "3":1.5434017595
    },
    "dual_sim":{
        "0":0.5223463687,
        "1":0.5028089888,
        "2":0.4666666667,
        "3":0.5190615836
    },
    "fc":{
        "0":4.2625698324,
        "1":4.3061797753,
        "2":4.3246376812,
        "3":4.2052785924
    },
    "four_g":{
        "0":0.5335195531,
        "1":0.5393258427,
        "2":0.4985507246,
        "3":0.5483870968
    },
    "int_memory":{
        "0":31.782122905,
        "1":32.2443820225,
        "2":29.7855072464,
        "3":34.0586510264
    },
    "m_dep":{
        "0":0.4974860335,
        "1":0.5283707865,
        "2":0.4962318841,
        "3":0.5090909091
    },
    "mobile_wt":{
        "0":141.2402234637,
        "1":141.2162921348,
        "2":141.768115942,
        "3":133.0762463343
    },
    "n_cores":{
        "0":4.594972067,
        "1":4.2893258427,
        "2":4.5304347826,
        "3":4.5131964809
    },
    "pc":{
        "0":9.8603351955,
        "1":10.0758426966,
        "2":9.9101449275,
        "3":9.8181818182
    },
    "px_height":{
        "0":532.438547486,
        "1":664.9747191011,
        "2":622.884057971,
        "3":757.2140762463
    },
    "px_width":{
        "0":1148.7234636872,
        "1":1246.7556179775,
        "2":1235.147826087,
        "3":1381.788856305
    },
    "ram":{
        "0":790.9469273743,
        "1":1679.2949438202,
        "2":2597.2173913043,
        "3":3438.1114369501
    },
    "sc_h":{
        "0":12.4022346369,
        "1":12.1966292135,
        "2":11.8753623188,
        "3":12.6715542522
    },
    "sc_w":{
        "0":5.8016759777,
        "1":5.2752808989,
        "2":5.6492753623,
        "3":5.9442815249
    },
    "talk_time":{
        "0":10.8072625698,
        "1":11.3679775281,
        "2":10.8289855072,
        "3":11.1642228739
    },
    "three_g":{
        "0":0.7234636872,
        "1":0.7893258427,
        "2":0.7652173913,
        "3":0.7653958944
    },
    "touch_screen":{
        "0":0.5,
        "1":0.5196629213,
        "2":0.4608695652,
        "3":0.4750733138
    },
    "wifi":{
        "0":0.4804469274,
        "1":0.4887640449,
        "2":0.4753623188,
        "3":0.5366568915
    }
}