{
    "0":0.2557142857,
    "1":0.2542857143,
    "2":0.2464285714,
    "3":0.2435714286
}