{
    "0": {
        "blue": {
            "0": 0.5248618784530387,
            "1": 0.47513812154696133
        },
        "dual_sim": {
            "0": 0.47790055248618785,
            "1": 0.5220994475138122
        },
        "four_g": {
            "0": 0.46685082872928174,
            "1": 0.5331491712707183
        },
        "three_g": {
            "0": 0.27900552486187846,
            "1": 0.7209944751381215
        },
        "touch_screen": {
            "0": 0.5,
            "1": 0.5
        },
        "wifi": {
            "0": 0.5193370165745856,
            "1": 0.48066298342541436
        }
    },
    "1": {
        "blue": {
            "0": 0.5277777777777778,
            "1": 0.4722222222222222
        },
        "dual_sim": {
            "0": 0.49722222222222223,
            "1": 0.5027777777777778
        },
        "four_g": {
            "0": 0.46111111111111114,
            "1": 0.5388888888888889
        },
        "three_g": {
            "0": 0.21388888888888888,
            "1": 0.7861111111111111
        },
        "touch_screen": {
            "0": 0.48055555555555557,
            "1": 0.5194444444444445
        },
        "wifi": {
            "0": 0.5111111111111111,
            "1": 0.4888888888888889
        }
    },
    "2": {
        "blue": {
            "0": 0.498567335243553,
            "1": 0.501432664756447
        },
        "dual_sim": {
            "0": 0.5329512893982808,
            "1": 0.4670487106017192
        },
        "four_g": {
            "0": 0.501432664756447,
            "1": 0.498567335243553
        },
        "three_g": {
            "0": 0.23782234957020057,
            "1": 0.7621776504297995
        },
        "touch_screen": {
            "0": 0.5386819484240688,
            "1": 0.46131805157593125
        },
        "wifi": {
            "0": 0.5243553008595988,
            "1": 0.47564469914040114
        }
    },
    "3": {
        "blue": {
            "0": 0.47246376811594204,
            "1": 0.527536231884058
        },
        "dual_sim": {
            "0": 0.4811594202898551,
            "1": 0.518840579710145
        },
        "four_g": {
            "0": 0.45217391304347826,
            "1": 0.5478260869565217
        },
        "three_g": {
            "0": 0.23768115942028986,
            "1": 0.7623188405797101
        },
        "touch_screen": {
            "0": 0.5246376811594203,
            "1": 0.4753623188405797
        },
        "wifi": {
            "0": 0.463768115942029,
            "1": 0.5362318840579711
        }
    }
}