{
    "battery_power":{
        "0":166722.6474500415,
        "1":181726.9886611804,
        "2":194676.2931917762,
        "3":167977.047265827
    },
    "blue":{
        "0":0.250066507,
        "1":0.2499129609,
        "2":0.2507246377,
        "3":0.2499568742
    },
    "clock_speed":{
        "0":0.7050298108,
        "1":0.64290489,
        "2":0.6571295922,
        "3":0.6541107469
    },
    "dual_sim":{
        "0":0.2501995211,
        "1":0.2506963127,
        "2":0.2496124031,
        "3":0.2503708815
    },
    "fc":{
        "0":17.7179788116,
        "1":20.7876800127,
        "2":16.9931412201,
        "3":19.4283249957
    },
    "four_g":{
        "0":0.2495735724,
        "1":0.249153347,
        "2":0.2507246377,
        "3":0.2483870968
    },
    "int_memory":{
        "0":334.1596795143,
        "1":301.5936303213,
        "2":344.8666498146,
        "3":333.3906675867
    },
    "m_dep":{
        "0":0.0832149508,
        "1":0.0844040987,
        "2":0.0818171554,
        "3":0.0835935829
    },
    "mobile_wt":{
        "0":1290.2558565326,
        "1":1267.5108324102,
        "2":1173.2251432423,
        "3":1238.5765223391
    },
    "n_cores":{
        "0":5.1940362737,
        "1":5.2878857414,
        "2":4.9649140546,
        "3":5.332913576
    },
    "pc":{
        "0":37.4314194952,
        "1":38.5885978794,
        "2":34.1692281766,
        "3":37.9021390374
    },
    "px_height":{
        "0":142058.6726835986,
        "1":187915.0725985125,
        "2":203705.8876811594,
        "3":235116.7275659825
    },
    "px_width":{
        "0":175805.5395599581,
        "1":184726.5457429973,
        "2":172568.8007583419,
        "3":176700.908228394
    },
    "ram":{
        "0":126108.4649625213,
        "1":204461.5831856308,
        "2":243137.9206268959,
        "3":156675.4110746938
    },
    "sc_h":{
        "0":17.2663255246,
        "1":18.1527773382,
        "2":18.528024941,
        "3":16.556511989
    },
    "sc_w":{
        "0":18.1314257547,
        "1":18.2845703434,
        "2":18.3504718571,
        "3":21.7057098499
    },
    "talk_time":{
        "0":28.4697510289,
        "1":31.4444927995,
        "2":28.8805527469,
        "3":27.7670691737
    },
    "three_g":{
        "0":0.2006243838,
        "1":0.1667589809,
        "2":0.180182002,
        "3":0.1800931516
    },
    "touch_screen":{
        "0":0.2507002801,
        "1":0.2503165058,
        "2":0.2491911021,
        "3":0.250112127
    },
    "wifi":{
        "0":0.2503168865,
        "1":0.250577623,
        "2":0.2501179643,
        "3":0.2493876143
    }
}